model,mean_score,N,ci_low,ci_high
claude-3-5-sonnet-20240620,64.04102564102564,150,,
claude-3-opus-20240229,60.205128205128204,150,,
gemini-2.0-flash,30.35897435897436,150,,
gemini-2.5-flash-preview-05-20,68.14871794871796,150,,
gpt-3.5-turbo,62.05128205128206,150,,
gpt-4,66.57435897435899,150,,
gpt-4-turbo,64.77948717948719,150,,
gpt-4.1,68.05128205128206,150,,
gpt-4o,68.51794871794873,150,,
llama3-8b-8192,45.743589743589745,150,,
