occupation,model,mean_score,N,ci_low,ci_high
Paralegals and Legal Assistants,gpt-3.5-turbo,61.13076212799205,72,59.00188223595426,63.139439354120796
Paralegals and Legal Assistants,gpt-4,63.582344863508304,72,61.428248632715395,65.77296564623435
Paralegals and Legal Assistants,gpt-4-turbo,64.62142197599262,72,61.485001302175824,67.43273374055923
Paralegals and Legal Assistants,gpt-4.1,78.01074886947464,72,75.92821459857473,79.87339299666169
Paralegals and Legal Assistants,gpt-4o,72.63252598432655,72,70.34027037905155,74.7625778346
Paralegals and Legal Assistants,o3-2025-04-16,83.53860359400527,72,82.33802116627602,84.43118592703081
